id_cliente,nome_cliente,estado,data_cadastro,receita_total,total_compras,ticket_medio,ranking_receita,segmento_cliente
CLI-00001,Ravi Lucca Costela,SP,2022-10-09 11:15:14,316243.33,91,3475.2014285714285714,1,VIP
CLI-00011,Dante Cassiano,MS,2023-01-23 01:05:35,285710.35,104,2747.2149038461538462,2,VIP
CLI-00022,Rael Garcia,ES,2023-08-04 07:56:45,277179.80,97,2857.5237113402061856,3,VIP
CLI-00093,Ana Freitas,SP,2022-03-13 18:49:17,262410.43,96,2733.4419791666666667,4,VIP
CLI-00060,Marina da Paz,SP,2022-10-31 11:13:03,243104.05,103,2360.2334951456310680,5,VIP
CLI-00062,Elisa Jesus,MG,2023-06-28 10:10:03,242149.77,88,2751.7019318181818182,6,VIP
CLI-00026,Emanuella Alves,RJ,2022-05-22 18:32:31,241328.37,97,2487.9213402061855670,7,VIP
CLI-00054,Benício Pimenta,RJ,2022-10-13 20:29:15,240504.20,93,2586.0666666666666667,8,VIP
CLI-00069,Ravy da Mata,SP,2022-08-07 05:32:16,238938.02,92,2597.1523913043478261,9,VIP
CLI-00064,Igor Dias,RJ,2023-08-07 11:15:37,238523.29,97,2459.0029896907216495,10,VIP
CLI-00070,Mateus Barbosa,DF,2022-03-12 23:56:15,236819.65,90,2631.3294444444444444,11,VIP
CLI-00082,Enzo Gabriel Caldeira,GO,2023-08-20 16:35:09,236777.19,101,2344.3286138613861386,12,VIP
CLI-00073,Maria Vitória Nascimento,DF,2022-04-17 00:56:08,228616.36,78,2930.9789743589743590,13,VIP
CLI-00035,Benjamim Costa,SP,2022-06-15 22:34:49,228437.99,96,2379.5623958333333333,14,VIP
CLI-00002,Vicente Fogaça,SC,2023-11-24 21:47:57,227688.32,111,2051.2461261261261261,15,VIP
CLI-00047,Henry Gabriel Vargas,MG,2022-10-13 10:42:31,226146.20,100,2261.4620000000000000,16,VIP
CLI-00080,Ana Luiza Fernandes,RS,2023-03-14 07:35:00,225931.43,90,2510.3492222222222222,17,VIP
CLI-00052,Guilherme Costa,SP,2022-12-14 18:51:55,225761.23,108,2090.3817592592592593,18,VIP
CLI-00005,Vitor da Cruz,SC,2023-12-20 08:34:26,223824.57,88,2543.4610227272727273,19,VIP
CLI-00041,Luiza Teixeira,MT,2023-07-07 07:48:46,220668.84,101,2184.8400000000000000,20,VIP
CLI-00018,Pedro Miguel Viana,MG,2022-09-08 14:10:29,217758.09,107,2035.1223364485981308,21,VIP
CLI-00072,Hellena da Mata,RS,2023-11-01 09:33:00,217400.44,106,2050.9475471698113208,22,VIP
CLI-00053,Vitor Hugo Pereira,SP,2022-07-14 21:34:28,213365.53,98,2177.1992857142857143,23,VIP
CLI-00087,Benicio Andrade,PE,2022-07-01 17:56:26,207487.69,91,2280.0845054945054945,24,VIP
CLI-00048,Gael Henrique Martins,MG,2023-08-08 14:36:30,205392.15,97,2117.4448453608247423,25,VIP
CLI-00071,Luiza Cardoso,SP,2023-03-25 18:53:34,204077.72,89,2293.0080898876404494,26,VIP
CLI-00096,Mateus Lopes,RS,2022-09-29 14:02:06,202947.32,79,2568.9534177215189873,27,VIP
CLI-00010,Maria Laura Melo,RS,2022-02-14 17:46:29,202744.26,100,2027.4426000000000000,28,VIP
CLI-00019,Bella Aragão,SP,2023-10-18 13:44:35,199033.01,92,2163.4022826086956522,29,VIP
CLI-00055,Lucas Gabriel Jesus,RJ,2023-07-18 15:06:03,198835.87,97,2049.8543298969072165,30,VIP
CLI-00031,Stella Vargas,BA,2022-12-15 15:07:18,198086.47,73,2713.5132876712328767,31,VIP
CLI-00042,Miguel Freitas,SC,2023-02-13 14:42:41,197710.54,95,2081.1635789473684211,32,VIP
CLI-00075,Samuel Machado,SP,2023-09-12 17:13:45,197249.68,82,2405.4839024390243902,33,VIP
CLI-00051,Natália Oliveira,PE,2022-02-25 22:43:41,195395.71,109,1792.6211926605504587,34,VIP
CLI-00024,Antonella Pereira,SP,2022-05-23 11:15:47,195148.75,105,1858.5595238095238095,35,VIP
CLI-00038,Thales Alves,PE,2022-03-22 06:05:46,195132.10,85,2295.6717647058823529,36,VIP
CLI-00046,Henry Fernandes,SP,2022-02-02 16:55:21,194017.42,83,2337.5592771084337349,37,VIP
CLI-00034,Davi Lucas Martins,PE,2022-11-02 21:53:40,192903.65,83,2324.1403614457831325,38,VIP
CLI-00091,Luiz Otávio Sampaio,SP,2023-04-17 07:22:19,192830.90,99,1947.7868686868686869,39,VIP
CLI-00039,Isadora Pereira,GO,2023-06-30 16:49:08,191016.29,98,1949.1458163265306122,40,VIP
CLI-00036,Carlos Eduardo Silveira,RS,2023-05-16 18:01:07,190888.13,94,2030.7247872340425532,41,VIP
CLI-00099,Valentim Teixeira,SC,2022-01-02 01:33:59,190840.99,81,2356.0616049382716049,42,VIP
CLI-00088,Dom Cunha,SP,2022-12-07 16:50:59,189198.83,84,2252.3670238095238095,43,VIP
CLI-00004,Ravi Moraes,SP,2023-09-09 15:01:35,188135.67,88,2137.9053409090909091,44,VIP
CLI-00043,Milena Machado,RJ,2023-06-14 02:28:07,187754.02,103,1822.8545631067961165,45,VIP
CLI-00097,Bianca Mendes,RJ,2022-11-18 14:27:38,187147.20,105,1782.3542857142857143,46,VIP
CLI-00006,Calebe Garcia,RJ,2022-10-12 08:51:55,186934.78,91,2054.2283516483516484,47,VIP
CLI-00089,Mariane Sampaio,BA,2022-09-12 20:17:10,186088.69,103,1806.6863106796116505,48,VIP
CLI-00020,Matteo Macedo,PR,2022-02-27 10:14:52,184587.36,85,2171.6160000000000000,49,VIP
CLI-00030,Vicente Pimenta,PR,2022-04-28 03:43:56,184220.99,89,2069.8987640449438202,50,VIP
CLI-00014,José Miguel Fonseca,BA,2022-03-23 09:54:14,183663.08,93,1974.8718279569892473,51,VIP
CLI-00066,Stephany Azevedo,DF,2022-07-29 14:42:45,183489.04,92,1994.4460869565217391,52,VIP
CLI-00033,Maysa Correia,MS,2022-07-02 04:32:58,183312.95,92,1992.5320652173913043,53,VIP
CLI-00057,Fernanda Correia,MG,2023-02-15 06:57:03,179938.05,97,1855.0314432989690722,54,VIP
CLI-00078,Maya Campos,GO,2022-02-15 05:00:21,179682.68,90,1996.4742222222222222,55,VIP
CLI-00065,Pietro Rocha,RS,2023-03-06 10:42:37,178736.16,94,1901.4485106382978723,56,VIP
CLI-00037,Carolina da Cruz,PE,2022-11-11 10:15:03,178719.99,102,1752.1567647058823529,57,VIP
CLI-00094,Mirella Fogaça,PR,2023-02-14 15:43:53,178214.24,92,1937.1113043478260870,58,VIP
CLI-00029,Heloisa da Cruz,RJ,2023-04-25 15:33:16,177124.68,86,2059.5893023255813953,59,VIP
CLI-00077,Clara Andrade,SP,2022-02-22 18:05:40,176711.96,79,2236.8602531645569620,60,VIP
CLI-00007,Danilo Ribeiro,SC,2022-06-13 04:44:27,176324.35,98,1799.2280612244897959,61,VIP
CLI-00063,Rodrigo Montenegro,PE,2022-03-12 19:38:04,175521.68,87,2017.4905747126436782,62,VIP
CLI-00032,Kamilly Gonçalves,SP,2022-01-04 08:46:56,174956.22,103,1698.6040776699029126,63,VIP
CLI-00044,Oliver Guerra,SP,2022-12-13 20:01:37,169868.11,81,2097.1371604938271605,64,VIP
CLI-00008,Maria Clara Machado,SP,2022-08-09 19:48:21,168231.07,102,1649.3242156862745098,65,VIP
CLI-00084,Davi Luiz Silveira,CE,2022-08-04 04:43:15,167033.60,89,1876.7820224719101124,66,VIP
CLI-00028,Davi Miguel Aparecida,BA,2023-03-09 14:38:04,166619.17,85,1960.2255294117647059,67,VIP
CLI-00016,Giovanna Azevedo,SP,2022-12-30 09:13:42,166280.73,98,1696.7421428571428571,68,VIP
CLI-00027,Nathan Sá,SC,2022-04-23 09:09:40,165981.02,80,2074.7627500000000000,69,VIP
CLI-00009,Calebe Montenegro,SP,2022-04-10 15:22:54,163933.30,81,2023.8679012345679012,70,VIP
CLI-00013,Bárbara Câmara,RS,2023-12-23 19:04:02,163115.99,72,2265.4998611111111111,71,VIP
CLI-00015,Vinícius da Luz,RJ,2023-04-10 09:40:53,161824.72,96,1685.6741666666666667,72,VIP
CLI-00083,Stephany das Neves,SP,2022-11-12 11:23:57,161734.22,92,1757.9806521739130435,73,VIP
CLI-00040,Lucas Gabriel Viana,PR,2023-07-17 13:10:16,161222.24,92,1752.4156521739130435,74,VIP
CLI-00012,Daniela Andrade,GO,2023-09-26 22:56:55,158585.67,93,1705.2222580645161290,75,VIP
CLI-00085,José Pedro Cassiano,RJ,2023-07-28 10:56:55,157473.98,97,1623.4430927835051546,76,VIP
CLI-00049,Nathan Pacheco,BA,2023-02-21 15:12:06,157317.02,80,1966.4627500000000000,77,VIP
CLI-00045,André Borges,RS,2022-01-08 10:04:45,156373.07,76,2057.5403947368421053,78,VIP
CLI-00098,Kevin Duarte,RJ,2023-08-14 12:12:16,156101.82,99,1576.7860606060606061,79,VIP
CLI-00092,Matteo Cassiano,SP,2023-11-07 17:12:25,153930.62,85,1810.9484705882352941,80,VIP
CLI-00090,João Vitor Silveira,RJ,2022-02-09 14:54:30,153508.45,86,1784.9819767441860465,81,VIP
CLI-00059,Olívia Machado,SP,2023-12-15 03:46:50,153148.96,92,1664.6626086956521739,82,VIP
CLI-00079,Enzo Gabriel Rocha,PR,2022-09-26 11:10:47,151512.01,91,1664.9671428571428571,83,VIP
CLI-00003,Asafe Nogueira,RS,2022-02-02 17:01:05,146757.65,86,1706.4843023255813953,84,VIP
CLI-00068,Clarice Castro,MG,2022-03-16 18:00:29,146020.01,94,1553.4043617021276596,85,VIP
CLI-00095,Beatriz da Mata,DF,2022-04-29 18:56:16,145970.27,78,1871.4137179487179487,86,VIP
CLI-00086,Sara Guerra,MS,2022-06-08 11:59:59,144897.42,79,1834.1445569620253165,87,VIP
CLI-00021,Gael Camargo,BA,2023-02-15 15:17:04,143013.08,78,1833.5010256410256410,88,VIP
CLI-00076,Maria Isis Vieira,SP,2023-10-12 17:54:16,140599.40,84,1673.8023809523809524,89,VIP
CLI-00050,Bryan Cavalcanti,PR,2022-12-29 09:27:26,140318.19,78,1798.9511538461538462,90,VIP
CLI-00100,Davi Miguel Freitas,RJ,2022-03-13 06:42:58,136399.15,99,1377.7691919191919192,91,VIP
CLI-00061,Igor da Paz,SC,2022-02-28 12:03:37,136029.92,74,1838.2421621621621622,92,VIP
CLI-00023,Maria Helena da Costa,SP,2023-05-27 10:25:56,135629.50,83,1634.0903614457831325,93,VIP
CLI-00058,Daniel Cirino,RJ,2023-02-04 09:16:59,133883.20,96,1394.6166666666666667,94,VIP
CLI-00081,João Rodrigues,SP,2023-12-09 19:57:09,124266.48,76,1635.0852631578947368,95,VIP
CLI-00241,Pedro Miguel Souza,RS,2023-12-04 21:49:47,118189.31,16,7386.8318750000000000,96,VIP
CLI-00017,Isabelly Fernandes,SC,2023-12-01 10:41:04,114562.40,77,1487.8233766233766234,97,VIP
CLI-00025,Maria Eduarda Sousa,SC,2023-03-15 13:57:37,113703.98,76,1496.1050000000000000,98,VIP
CLI-00056,Isaac das Neves,MT,2022-08-31 20:10:26,108731.68,79,1376.3503797468354430,99,VIP
CLI-00214,Bruno Sousa,SP,2022-11-02 09:53:37,100213.09,18,5567.3938888888888889,100,VIP
CLI-00270,Luiz Gustavo Rodrigues,GO,2022-08-27 10:21:49,98265.90,24,4094.4125000000000000,101,VIP
CLI-00067,Melissa Porto,SP,2023-02-10 07:08:42,88915.17,76,1169.9364473684210526,102,VIP
CLI-00410,Liz Pastor,CE,2022-06-11 06:45:45,88249.33,24,3677.0554166666666667,103,VIP
CLI-00440,Ana Clara Moraes,PE,2023-05-25 05:01:05,79186.64,19,4167.7178947368421053,104,VIP
CLI-00432,Melissa Garcia,MG,2022-07-28 18:21:38,78612.53,16,4913.2831250000000000,105,VIP
CLI-00373,Theodoro Novaes,PR,2023-08-12 06:15:45,76854.18,22,3493.3718181818181818,106,VIP
CLI-00074,Giovanna Castro,SP,2022-04-20 19:47:35,74722.14,77,970.4174025974025974,107,VIP
CLI-00131,Danilo Barbosa,RJ,2023-11-16 12:43:51,74721.70,22,3396.4409090909090909,108,VIP
CLI-00190,Natália Barbosa,RJ,2023-04-25 09:44:19,72390.52,18,4021.6955555555555556,109,VIP
CLI-00297,Vitória Costela,GO,2023-09-29 18:39:43,70552.65,11,6413.8772727272727273,110,VIP
CLI-00485,Calebe Aragão,PA,2023-02-11 15:50:31,67526.23,10,6752.6230000000000000,111,VIP
CLI-00137,Ana Carolina das Neves,SP,2023-03-08 14:16:53,66439.20,23,2888.6608695652173913,112,VIP
CLI-00390,Lívia Dias,PR,2023-01-12 18:59:51,65692.49,19,3457.4994736842105263,113,VIP
CLI-00201,Thales Freitas,RJ,2022-11-28 16:07:49,64729.10,21,3082.3380952380952381,114,VIP
CLI-00164,Isadora Brito,PR,2022-11-10 14:42:37,64478.03,19,3393.5805263157894737,115,VIP
CLI-00152,Eloá Nogueira,SC,2023-03-22 09:11:46,64319.75,19,3385.2500000000000000,116,VIP
CLI-00454,Eloah Rodrigues,PA,2022-11-03 20:37:21,63553.43,16,3972.0893750000000000,117,VIP
CLI-00425,Lucas Gabriel Mendonça,SP,2023-10-02 04:46:57,62526.27,20,3126.3135000000000000,118,VIP
CLI-00182,Ravi Lucca Camargo,SP,2022-03-25 06:10:15,62015.66,27,2296.8762962962962963,119,VIP
CLI-00317,Maria Helena Barbosa,SC,2023-03-04 12:18:07,60041.02,25,2401.6408000000000000,120,VIP
CLI-00358,Nicole Fonseca,MT,2022-07-24 15:51:38,59408.08,26,2284.9261538461538462,121,VIP
CLI-00284,Juliana Novaes,MG,2023-03-17 06:06:50,58606.90,17,3447.4647058823529412,122,VIP
CLI-00462,Gustavo Moura,RJ,2022-07-28 16:26:32,57716.57,14,4122.6121428571428571,123,VIP
CLI-00274,Clarice Rodrigues,BA,2022-09-01 20:37:20,57693.55,18,3205.1972222222222222,124,VIP
CLI-00265,Luana Sampaio,SP,2023-12-04 20:23:34,57256.46,18,3180.9144444444444444,125,VIP
CLI-00233,Sofia Campos,RS,2022-09-04 15:31:58,56152.26,17,3303.0741176470588235,126,VIP
CLI-00119,Daniela Barbosa,RS,2023-06-01 20:27:53,55738.71,14,3981.3364285714285714,127,VIP
CLI-00217,Hellena Abreu,PE,2023-12-16 11:15:36,55703.75,16,3481.4843750000000000,128,VIP
CLI-00223,Benjamim Siqueira,SP,2022-09-29 06:21:39,55663.45,18,3092.4138888888888889,129,VIP
CLI-00186,Helena Cunha,SP,2022-08-28 16:59:16,55326.42,17,3254.4952941176470588,130,VIP
CLI-00416,Maria Alice Silva,GO,2022-03-17 13:08:20,54873.80,21,2613.0380952380952381,131,VIP
CLI-00433,Alexandre Moreira,RJ,2022-11-23 16:46:55,54839.26,18,3046.6255555555555556,132,VIP
CLI-00149,Nina Castro,MG,2023-11-09 03:23:04,54709.39,18,3039.4105555555555556,133,VIP
CLI-00109,Marina Nogueira,MG,2023-10-11 09:39:21,54568.16,16,3410.5100000000000000,134,VIP
CLI-00345,Emilly Casa Grande,SP,2023-12-27 12:05:19,54320.88,14,3880.0628571428571429,135,VIP
CLI-00169,Ana Liz Rocha,MS,2022-07-18 02:18:14,54195.99,15,3613.0660000000000000,136,VIP
CLI-00187,Arthur Carvalho,RJ,2023-07-12 19:14:41,53249.17,19,2802.5878947368421053,137,VIP
CLI-00491,Sabrina Novaes,PR,2022-07-10 13:00:47,53158.80,13,4089.1384615384615385,138,VIP
CLI-00276,Júlia Porto,MG,2022-03-07 14:30:28,52572.68,10,5257.2680000000000000,139,VIP
CLI-00348,Brayan Cirino,RJ,2022-07-04 03:13:21,51956.57,19,2734.5563157894736842,140,VIP
CLI-00179,Ravi Araújo,BA,2023-01-25 21:28:58,51854.96,18,2880.8311111111111111,141,VIP
CLI-00359,Lucas Costa,PE,2022-02-23 21:41:30,51784.61,17,3046.1535294117647059,142,VIP
CLI-00115,Augusto Fernandes,CE,2022-04-20 16:49:27,51591.84,14,3685.1314285714285714,143,VIP
CLI-00458,Maya Aragão,SP,2023-11-03 13:50:49,51430.03,10,5143.0030000000000000,144,VIP
CLI-00258,Valentina Viana,CE,2022-11-06 17:41:26,51263.34,16,3203.9587500000000000,145,VIP
CLI-00478,Maria Julia Costela,SC,2022-04-13 15:43:49,51178.59,15,3411.9060000000000000,146,VIP
CLI-00125,João Lucas Rodrigues,SC,2022-03-07 09:26:26,50884.78,18,2826.9322222222222222,147,VIP
CLI-00492,Ana Laura Porto,BA,2023-08-05 16:43:48,50795.76,13,3907.3661538461538462,148,VIP
CLI-00278,Nicolas Abreu,DF,2022-02-14 16:46:50,50777.08,21,2417.9561904761904762,149,VIP
CLI-00151,Gustavo Henrique Pereira,RJ,2023-01-06 20:40:57,50682.24,14,3620.1600000000000000,150,VIP
CLI-00145,Olivia Fonseca,RS,2023-01-20 10:25:45,50562.50,17,2974.2647058823529412,151,VIP
CLI-00417,Rael Martins,RJ,2023-11-28 10:33:22,50310.25,12,4192.5208333333333333,152,VIP
CLI-00155,Vitor Gabriel Castro,GO,2022-03-30 22:17:56,49992.64,17,2940.7435294117647059,153,VIP
CLI-00102,Luara da Conceição,MG,2023-11-14 16:26:20,49989.43,17,2940.5547058823529412,154,VIP
CLI-00428,Maria Isis Silveira,PR,2023-08-09 20:26:39,49611.56,13,3816.2738461538461538,155,VIP
CLI-00299,Maria Vitória Marques,SP,2022-10-07 16:44:48,49114.42,13,3778.0323076923076923,156,VIP
CLI-00453,Vitor Gabriel Borges,RJ,2023-09-20 12:20:10,49024.65,13,3771.1269230769230769,157,VIP
CLI-00396,Raquel da Luz,PR,2022-02-28 21:04:42,48672.51,23,2116.1960869565217391,158,VIP
CLI-00268,Luiz Otávio Souza,SP,2022-12-08 17:15:08,48413.66,15,3227.5773333333333333,159,VIP
CLI-00310,Maria Vitória da Costa,MS,2022-02-26 10:00:13,48366.89,13,3720.5300000000000000,160,VIP
CLI-00498,Pedro Miguel Lima,SP,2023-01-04 05:44:15,48116.70,12,4009.7250000000000000,161,VIP
CLI-00178,Luiz Gustavo Santos,RS,2023-03-03 12:38:38,47854.03,12,3987.8358333333333333,162,VIP
CLI-00435,Luigi da Luz,RJ,2023-04-23 05:07:17,47730.63,15,3182.0420000000000000,163,VIP
CLI-00104,Maria Luiza Nascimento,PR,2023-01-24 14:43:47,47499.10,20,2374.9550000000000000,164,VIP
CLI-00307,Mirella Araújo,RJ,2022-08-09 14:48:32,46599.13,20,2329.9565000000000000,165,VIP
CLI-00444,Maria Laura Ferreira,SP,2022-09-28 11:46:23,46179.57,18,2565.5316666666666667,166,VIP
CLI-00340,Sara Azevedo,PR,2022-02-23 06:50:40,46163.61,16,2885.2256250000000000,167,VIP
CLI-00129,Isadora Costa,PE,2023-03-06 00:34:47,46101.15,22,2095.5068181818181818,168,VIP
CLI-00287,Natália Cavalcanti,RJ,2022-04-08 13:20:27,46050.23,16,2878.1393750000000000,169,VIP
CLI-00408,Manuela Fogaça,SP,2024-01-01 00:28:05,46032.90,15,3068.8600000000000000,170,VIP
CLI-00379,Caroline Siqueira,BA,2022-12-20 19:15:46,45797.98,12,3816.4983333333333333,171,VIP
CLI-00430,Nina Araújo,MG,2023-12-03 07:25:19,45284.24,14,3234.5885714285714286,172,VIP
CLI-00204,Ana Rezende,RS,2022-02-22 20:13:17,45051.44,20,2252.5720000000000000,173,VIP
CLI-00343,João Guerra,RJ,2023-08-20 09:42:09,44829.69,18,2490.5383333333333333,174,VIP
CLI-00460,Ísis Almeida,SP,2023-11-29 07:15:02,44692.17,16,2793.2606250000000000,175,VIP
CLI-00477,Enzo Moura,PR,2022-02-23 05:06:26,44600.54,16,2787.5337500000000000,176,VIP
CLI-00483,Marcelo Nunes,MG,2022-02-08 13:58:58,44515.01,14,3179.6435714285714286,177,VIP
CLI-00215,Vitória Sousa,PE,2023-04-03 17:34:30,44468.00,14,3176.2857142857142857,178,VIP
CLI-00298,Ravi Lucca Martins,RS,2023-11-05 09:53:44,43865.74,11,3987.7945454545454545,179,VIP
CLI-00493,Nathan Rezende,SP,2023-10-17 10:57:25,43843.74,12,3653.6450000000000000,180,VIP
CLI-00450,Asafe Brito,RS,2023-02-16 05:32:02,43567.30,13,3351.3307692307692308,181,VIP
CLI-00407,Juliana Dias,SP,2022-05-19 12:54:04,43510.88,15,2900.7253333333333333,182,VIP
CLI-00158,Davi Lucca Ferreira,MG,2022-12-30 18:51:16,43427.03,14,3101.9307142857142857,183,VIP
CLI-00127,Mariana Cardoso,RJ,2023-08-22 19:44:01,43035.35,12,3586.2791666666666667,184,VIP
CLI-00191,Maria Helena Freitas,DF,2023-05-28 06:34:31,42989.39,20,2149.4695000000000000,185,VIP
CLI-00393,Luiza Guerra,PR,2022-11-10 11:28:38,42933.53,19,2259.6594736842105263,186,VIP
CLI-00378,Isabelly Garcia,MS,2022-09-17 01:47:01,42932.88,23,1866.6469565217391304,187,VIP
CLI-00397,Mariah Guerra,RJ,2023-11-27 19:10:01,42338.51,18,2352.1394444444444444,188,VIP
CLI-00192,Bruna Melo,SP,2022-02-10 20:56:27,42237.99,12,3519.8325000000000000,189,VIP
CLI-00118,Ágatha Fogaça,PR,2023-07-27 09:38:20,42096.63,15,2806.4420000000000000,190,VIP
CLI-00269,Dom Monteiro,SP,2023-07-22 11:13:37,42091.04,19,2215.3178947368421053,191,VIP
CLI-00448,Lorenzo Cunha,SP,2022-04-10 17:25:23,42088.93,15,2805.9286666666666667,192,VIP
CLI-00208,Lívia Correia,SP,2022-04-27 16:29:07,41822.36,12,3485.1966666666666667,193,VIP
CLI-00199,Ana Laura Macedo,RJ,2023-05-23 20:18:42,41491.02,17,2440.6482352941176471,194,VIP
CLI-00173,Oliver Duarte,RS,2023-04-26 14:30:28,41411.69,20,2070.5845000000000000,195,VIP
CLI-00406,Yago Andrade,PA,2022-10-20 20:44:58,41408.92,17,2435.8188235294117647,196,VIP
CLI-00198,Catarina Casa Grande,RJ,2022-04-18 20:54:10,41093.91,13,3161.0700000000000000,197,VIP
CLI-00487,Luiz Fernando Oliveira,SP,2023-09-10 03:06:59,41077.93,18,2282.1072222222222222,198,VIP
CLI-00243,Ana Júlia da Cruz,BA,2022-08-24 20:38:51,41022.43,19,2159.0752631578947368,199,VIP
CLI-00355,Amanda Dias,SP,2022-09-02 04:19:51,40902.96,20,2045.1480000000000000,200,VIP
CLI-00111,Davi Guerra,BA,2022-05-31 10:01:02,40731.38,15,2715.4253333333333333,201,VIP
CLI-00236,Vinicius Camargo,SP,2022-12-20 17:37:19,40584.73,15,2705.6486666666666667,202,VIP
CLI-00101,Aurora Duarte,RS,2023-11-11 02:54:07,40491.53,15,2699.4353333333333333,203,VIP
CLI-00121,Renan Martins,GO,2022-10-11 18:49:49,40481.86,12,3373.4883333333333333,204,VIP
CLI-00486,Thomas Sampaio,DF,2022-10-24 20:56:02,40352.51,16,2522.0318750000000000,205,VIP
CLI-00399,Ryan Leão,SP,2022-08-30 17:49:41,40299.34,15,2686.6226666666666667,206,VIP
CLI-00221,Kamilly Duarte,PE,2023-03-27 16:06:33,39995.70,14,2856.8357142857142857,207,VIP
CLI-00335,Lucca Cavalcanti,RJ,2023-08-09 03:41:12,39714.38,16,2482.1487500000000000,208,VIP
CLI-00318,Giovanna Andrade,SP,2022-11-29 09:10:51,39666.40,16,2479.1500000000000000,209,VIP
CLI-00312,Esther Dias,RJ,2022-01-08 05:31:47,39423.11,18,2190.1727777777777778,210,VIP
CLI-00369,Brayan Lopes,SP,2022-06-03 09:35:46,39144.41,17,2302.6123529411764706,211,VIP
CLI-00162,Murilo da Rocha,PR,2023-10-24 16:45:31,39104.56,13,3008.0430769230769231,212,VIP
CLI-00231,Bárbara Ribeiro,RJ,2022-09-08 18:33:26,39003.64,15,2600.2426666666666667,213,VIP
CLI-00112,Ryan da Cruz,MS,2023-09-18 08:54:49,38998.68,15,2599.9120000000000000,214,VIP
CLI-00497,Raquel Cirino,MT,2022-11-06 15:37:46,38969.18,20,1948.4590000000000000,215,VIP
CLI-00264,Stephany Martins,SP,2023-04-01 14:15:54,38765.04,17,2280.2964705882352941,216,VIP
CLI-00499,Léo Martins,PR,2023-04-22 22:19:10,38664.30,16,2416.5187500000000000,217,VIP
CLI-00387,Isadora Peixoto,PE,2022-02-18 10:55:41,38552.81,15,2570.1873333333333333,218,VIP
CLI-00185,Arthur Miguel Carvalho,SP,2022-10-17 10:44:55,38466.89,12,3205.5741666666666667,219,VIP
CLI-00353,Eduardo Ferreira,SC,2022-02-14 16:26:23,38360.88,15,2557.3920000000000000,220,VIP
CLI-00404,Brayan Oliveira,MG,2023-02-01 19:58:35,38318.86,15,2554.5906666666666667,221,VIP
CLI-00141,Ravi Lucca Viana,SP,2023-04-30 22:42:07,37696.01,16,2356.0006250000000000,222,VIP
CLI-00420,Gabriel Sousa,GO,2023-06-15 17:09:19,37315.80,12,3109.6500000000000000,223,VIP
CLI-00424,Rodrigo Carvalho,MG,2022-06-22 14:37:37,37045.22,19,1949.7484210526315789,224,VIP
CLI-00275,Gael Silva,SP,2022-02-23 14:08:47,36941.66,22,1679.1663636363636364,225,VIP
CLI-00500,Eloá Araújo,PR,2023-12-22 23:49:19,36822.93,15,2454.8620000000000000,226,VIP
CLI-00465,Isis Monteiro,RJ,2022-06-27 22:29:58,36748.44,15,2449.8960000000000000,227,VIP
CLI-00193,Cecilia Silveira,RS,2022-01-27 20:05:14,36301.29,19,1910.5942105263157895,228,VIP
CLI-00144,Yan Sousa,MT,2022-04-21 10:37:01,36224.25,23,1574.9673913043478261,229,VIP
CLI-00167,Mirella Cardoso,SP,2022-07-17 11:20:07,36197.09,12,3016.4241666666666667,230,VIP
CLI-00281,Carolina Camargo,SP,2022-03-24 20:20:38,36008.00,14,2572.0000000000000000,231,VIP
CLI-00394,Ana Beatriz Ramos,SP,2023-03-31 18:22:28,35993.07,17,2117.2394117647058824,232,VIP
CLI-00247,Juan Correia,SP,2022-10-30 12:20:47,35980.56,17,2116.5035294117647059,233,VIP
CLI-00157,Maria Júlia Monteiro,RJ,2023-05-22 16:54:20,35896.08,15,2393.0720000000000000,234,VIP
CLI-00147,João Vitor Camargo,SP,2022-11-05 15:54:43,35730.35,18,1985.0194444444444444,235,VIP
CLI-00305,Caio Jesus,SP,2023-09-25 17:03:43,35702.06,18,1983.4477777777777778,236,VIP
CLI-00189,Marcos Vinicius Pires,BA,2023-09-02 14:47:52,35608.78,18,1978.2655555555555556,237,VIP
CLI-00159,Maitê Garcia,SP,2023-09-03 09:44:56,35559.17,10,3555.9170000000000000,238,VIP
CLI-00322,Luan Vasconcelos,RJ,2022-06-22 17:04:32,35523.15,18,1973.5083333333333333,239,VIP
CLI-00324,Marina das Neves,RJ,2023-10-23 10:52:09,35348.91,17,2079.3476470588235294,240,VIP
CLI-00328,Ágatha Farias,PR,2023-08-02 15:41:40,35222.29,18,1956.7938888888888889,241,VIP
CLI-00476,Arthur Gabriel Oliveira,SP,2023-11-17 23:57:33,35121.41,17,2065.9652941176470588,242,VIP
CLI-00400,Maria Alice Abreu,RJ,2023-08-04 17:02:38,35083.31,16,2192.7068750000000000,243,VIP
CLI-00176,Vicente Nascimento,RS,2023-12-04 09:03:09,35079.49,14,2505.6778571428571429,244,VIP
CLI-00280,Lara Freitas,RJ,2022-04-21 18:31:45,35075.85,12,2922.9875000000000000,245,VIP
CLI-00479,Kevin Rocha,SP,2023-07-18 22:59:10,35003.64,16,2187.7275000000000000,246,VIP
CLI-00314,Pedro Vargas,MG,2023-11-16 22:51:22,34943.93,21,1663.9966666666666667,247,VIP
CLI-00253,Laura Moraes,SP,2023-02-09 19:00:16,34812.53,14,2486.6092857142857143,248,VIP
CLI-00244,Emanuelly Gonçalves,SP,2022-07-14 11:39:16,34804.46,16,2175.2787500000000000,249,VIP
CLI-00108,Milena da Luz,BA,2022-06-23 17:42:05,34740.03,21,1654.2871428571428571,250,VIP
CLI-00439,Kevin Peixoto,BA,2023-05-26 17:32:29,34486.49,8,4310.8112500000000000,251,VIP
CLI-00170,Lorena Freitas,SP,2022-01-15 15:45:34,34464.03,14,2461.7164285714285714,252,VIP
CLI-00422,Nicole Pinto,GO,2022-09-14 18:12:40,34410.34,15,2294.0226666666666667,253,VIP
CLI-00472,Josué Fonseca,SP,2022-10-22 22:45:05,34290.88,17,2017.1105882352941176,254,VIP
CLI-00434,Vitória Martins,MS,2022-05-14 06:48:23,34276.98,20,1713.8490000000000000,255,VIP
CLI-00257,Catarina Lima,ES,2022-08-15 21:41:04,34040.65,18,1891.1472222222222222,256,VIP
CLI-00474,Esther Souza,SP,2023-07-06 20:17:59,34038.88,18,1891.0488888888888889,257,VIP
CLI-00251,Melina Borges,BA,2023-04-25 10:04:09,34003.36,16,2125.2100000000000000,258,VIP
CLI-00194,Davi Correia,PA,2023-11-20 16:52:17,33627.99,12,2802.3325000000000000,259,VIP
CLI-00445,Elisa Camargo,RJ,2023-02-15 18:03:36,33473.29,21,1593.9661904761904762,260,VIP
CLI-00212,Vinicius Peixoto,PE,2022-10-10 17:49:50,33369.28,15,2224.6186666666666667,261,VIP
CLI-00242,José Oliveira,ES,2023-05-24 21:53:57,33333.47,18,1851.8594444444444444,262,VIP
CLI-00336,Sofia Rios,RS,2023-05-29 02:09:03,32929.29,10,3292.9290000000000000,263,VIP
CLI-00375,Thomas da Mata,RS,2022-07-11 04:42:42,32847.57,18,1824.8650000000000000,264,VIP
CLI-00249,Maya Caldeira,MG,2022-10-07 22:53:10,32766.31,15,2184.4206666666666667,265,VIP
CLI-00219,Fernanda Nunes,SC,2023-01-26 16:24:42,32760.18,21,1560.0085714285714286,266,VIP
CLI-00222,Julia Melo,SP,2022-05-28 15:26:55,32724.27,13,2517.2515384615384615,267,VIP
CLI-00160,Aurora Freitas,RS,2023-06-14 17:12:05,32537.14,11,2957.9218181818181818,268,VIP
CLI-00392,Rhavi Teixeira,MG,2022-11-25 12:06:05,32461.93,13,2497.0715384615384615,269,VIP
CLI-00380,Enrico Gonçalves,BA,2022-12-07 10:08:02,32336.94,14,2309.7814285714285714,270,VIP
CLI-00383,Vinícius Cardoso,SP,2023-04-14 16:02:18,32249.27,13,2480.7130769230769231,271,VIP
CLI-00259,Brayan Mendes,SP,2022-02-08 15:19:31,32112.91,18,1784.0505555555555556,272,VIP
CLI-00140,Ian da Cruz,DF,2022-07-24 22:53:01,32059.80,15,2137.3200000000000000,273,VIP
CLI-00464,Danilo Pinto,RS,2023-11-10 15:30:33,32042.71,12,2670.2258333333333333,274,VIP
CLI-00132,Eloá Macedo,SC,2023-04-24 09:58:08,31826.70,20,1591.3350000000000000,275,VIP
CLI-00277,Marina Nascimento,MG,2022-04-22 18:28:32,31475.65,16,1967.2281250000000000,276,VIP
CLI-00117,Heitor Cardoso,RS,2022-05-05 18:29:08,31409.28,17,1847.6047058823529412,277,VIP
CLI-00473,Marcela Castro,ES,2023-11-03 03:16:47,31330.17,15,2088.6780000000000000,278,VIP
CLI-00138,Miguel da Luz,MG,2023-07-07 17:03:22,31182.16,17,1834.2447058823529412,279,VIP
CLI-00183,Benjamim Vargas,RS,2022-06-10 20:00:26,30607.83,17,1800.4605882352941176,280,VIP
CLI-00271,José Miguel Machado,BA,2023-09-03 18:00:17,30437.11,15,2029.1406666666666667,281,VIP
CLI-00331,Aylla Gonçalves,RS,2022-12-27 11:32:04,30416.76,21,1448.4171428571428571,282,VIP
CLI-00467,Sara Aparecida,RS,2022-07-16 10:15:17,30344.36,11,2758.5781818181818182,283,VIP
CLI-00419,Liam Fogaça,BA,2022-05-13 16:27:32,30230.73,11,2748.2481818181818182,284,VIP
CLI-00279,Maria Eduarda Moreira,MG,2022-02-01 17:03:30,30224.24,12,2518.6866666666666667,285,VIP
CLI-00291,Marcelo das Neves,RS,2023-07-30 02:35:21,30205.64,18,1678.0911111111111111,286,VIP
CLI-00351,Dom Vieira,PR,2023-09-25 14:08:38,30188.36,19,1588.8610526315789474,287,VIP
CLI-00293,Isaque Campos,MT,2023-09-07 19:19:22,30003.05,12,2500.2541666666666667,288,VIP
CLI-00154,Isabel da Cunha,RJ,2023-08-30 14:17:20,29958.65,11,2723.5136363636363636,289,VIP
CLI-00245,Yago Duarte,RS,2023-10-05 01:41:02,29900.46,16,1868.7787500000000000,290,VIP
CLI-00338,Luiz Fernando Barros,SP,2023-12-26 17:28:28,29886.43,16,1867.9018750000000000,291,VIP
CLI-00266,Laura Oliveira,SP,2022-10-10 17:12:07,29815.33,12,2484.6108333333333333,292,VIP
CLI-00409,Ana Sophia Câmara,PR,2023-12-28 20:04:35,29481.05,12,2456.7541666666666667,293,VIP
CLI-00385,Evelyn Campos,DF,2023-06-12 17:25:52,29427.14,13,2263.6261538461538462,294,VIP
CLI-00103,Raquel da Cruz,PR,2023-07-22 11:08:12,29336.52,12,2444.7100000000000000,295,VIP
CLI-00437,Hellena Moreira,PE,2023-03-05 05:15:55,29309.07,16,1831.8168750000000000,296,VIP
CLI-00337,Olivia Duarte,SP,2022-12-18 19:45:05,29287.27,21,1394.6319047619047619,297,VIP
CLI-00254,Théo Aparecida,MG,2023-11-20 11:47:43,29278.05,13,2252.1576923076923077,298,VIP
CLI-00126,Emanuella Silveira,MG,2023-03-02 12:03:13,29145.86,13,2241.9892307692307692,299,VIP
CLI-00382,Olívia Barros,MS,2023-05-06 17:40:11,28957.18,15,1930.4786666666666667,300,VIP
CLI-00248,Brenda Nunes,SP,2022-05-16 22:50:34,28879.69,17,1698.8052941176470588,301,VIP
CLI-00429,Apollo Camargo,MG,2023-10-05 11:34:18,28851.39,23,1254.4082608695652174,302,VIP
CLI-00226,Clara Fernandes,PE,2022-02-06 10:39:04,28781.09,9,3197.8988888888888889,303,VIP
CLI-00106,Brayan Porto,RJ,2022-08-04 10:27:50,28636.18,10,2863.6180000000000000,304,VIP
CLI-00357,Jade Leão,MG,2022-10-16 01:49:24,28421.05,24,1184.2104166666666667,305,VIP
CLI-00216,Clarice Silveira,RJ,2023-07-11 09:24:29,28407.95,11,2582.5409090909090909,306,VIP
CLI-00180,Clarice Cavalcanti,SP,2023-08-26 07:27:19,28366.75,12,2363.8958333333333333,307,VIP
CLI-00107,Ana Beatriz Moraes,MG,2023-03-29 12:43:13,28311.58,10,2831.1580000000000000,308,VIP
CLI-00224,Ana Lívia Mendes,PR,2022-12-03 11:54:43,28305.88,13,2177.3753846153846154,309,VIP
CLI-00165,Laura da Cruz,MG,2023-06-28 06:22:27,28202.58,13,2169.4292307692307692,310,VIP
CLI-00308,Pedro Henrique Oliveira,RJ,2022-04-24 11:18:43,28146.23,15,1876.4153333333333333,311,VIP
CLI-00211,Maria Alice Vieira,RS,2023-01-28 15:12:58,28040.80,14,2002.9142857142857143,312,VIP
CLI-00294,Anthony Andrade,RS,2022-08-06 11:09:42,27852.58,12,2321.0483333333333333,313,VIP
CLI-00289,Ágatha Rodrigues,SP,2022-03-29 10:05:27,27843.87,17,1637.8747058823529412,314,VIP
CLI-00412,Bernardo Castro,BA,2022-08-31 21:50:31,27825.57,10,2782.5570000000000000,315,VIP
CLI-00148,Otávio Machado,BA,2023-08-03 14:50:02,27802.99,16,1737.6868750000000000,316,VIP
CLI-00457,Natália Marques,BA,2023-12-06 00:40:01,27635.11,10,2763.5110000000000000,317,VIP
CLI-00136,Bruno Pires,MG,2022-12-12 11:48:56,27576.05,16,1723.5031250000000000,318,VIP
CLI-00315,Renan Sá,RJ,2022-02-13 19:27:01,27502.58,15,1833.5053333333333333,319,VIP
CLI-00368,Maysa da Mata,RJ,2022-01-06 20:57:05,27498.84,17,1617.5788235294117647,320,VIP
CLI-00344,Marina Cassiano,RJ,2023-11-03 13:44:42,27408.86,12,2284.0716666666666667,321,VIP
CLI-00401,Noah Almeida,PR,2023-01-15 06:23:28,27291.38,11,2481.0345454545454545,322,VIP
CLI-00495,Dom Borges,SP,2022-05-24 13:30:20,27214.51,18,1511.9172222222222222,323,VIP
CLI-00449,Maria Vitória da Cruz,RS,2023-01-10 11:48:09,27185.71,21,1294.5576190476190476,324,VIP
CLI-00142,Erick da Cruz,MG,2022-09-20 10:49:23,26962.01,12,2246.8341666666666667,325,VIP
CLI-00295,Raquel Barros,SP,2022-04-21 07:22:54,26944.95,9,2993.8833333333333333,326,VIP
CLI-00398,Benicio Farias,GO,2023-11-26 13:50:28,26760.86,14,1911.4900000000000000,327,VIP
CLI-00252,Yago Correia,PE,2023-11-22 11:25:54,26737.33,12,2228.1108333333333333,328,VIP
CLI-00172,Kaique Gomes,PR,2023-05-18 01:06:55,26723.27,14,1908.8050000000000000,329,VIP
CLI-00197,Mariana Cardoso,MT,2023-04-27 17:22:26,26715.18,9,2968.3533333333333333,330,VIP
CLI-00130,Apollo Pires,MG,2022-10-07 14:27:31,26674.75,7,3810.6785714285714286,331,VIP
CLI-00207,Yago Aragão,SC,2022-11-15 06:35:00,26618.02,15,1774.5346666666666667,332,VIP
CLI-00395,Gael Garcia,SC,2022-12-28 11:39:27,26306.73,13,2023.5946153846153846,333,VIP
CLI-00188,Heitor Peixoto,CE,2022-05-26 15:04:03,26019.33,17,1530.5488235294117647,334,VIP
CLI-00202,Mariah da Luz,PE,2022-01-02 05:42:55,25938.89,18,1441.0494444444444444,335,VIP
CLI-00200,Hadassa da Paz,GO,2023-07-18 18:02:29,25935.72,17,1525.6305882352941176,336,VIP
CLI-00135,Lara Santos,SP,2022-09-24 21:24:20,25845.20,21,1230.7238095238095238,337,VIP
CLI-00146,Luigi Guerra,SP,2023-12-09 02:53:40,25723.02,16,1607.6887500000000000,338,VIP
CLI-00372,Eloá Pereira,SP,2023-05-27 01:38:34,25606.80,15,1707.1200000000000000,339,VIP
CLI-00237,Emanuelly Costela,PR,2023-04-13 10:54:19,25384.60,13,1952.6615384615384615,340,VIP
CLI-00250,Evelyn Fernandes,ES,2023-05-09 19:51:18,25375.80,17,1492.6941176470588235,341,VIP
CLI-00114,Mirella da Costa,MG,2022-09-07 18:09:41,25205.26,17,1482.6623529411764706,342,VIP
CLI-00210,Caroline Correia,RJ,2023-05-10 08:30:15,25196.90,9,2799.6555555555555556,343,VIP
CLI-00230,Ravi Rodrigues,SP,2022-02-27 16:18:22,25154.94,12,2096.2450000000000000,344,VIP
CLI-00166,Lunna Rezende,RJ,2023-04-10 19:17:19,25150.92,11,2286.4472727272727273,345,VIP
CLI-00496,João Guerra,SP,2023-01-28 11:15:28,24913.88,14,1779.5628571428571429,346,VIP
CLI-00209,Henry Macedo,MG,2022-10-26 00:32:45,24742.08,20,1237.1040000000000000,347,VIP
CLI-00326,Matheus Porto,BA,2023-11-03 17:04:11,24688.68,10,2468.8680000000000000,348,VIP
CLI-00350,Maria Sophia Almeida,GO,2022-04-14 16:32:49,24612.11,14,1758.0078571428571429,349,VIP
CLI-00184,Sarah Machado,PR,2023-04-27 20:18:02,24544.04,18,1363.5577777777777778,350,VIP
CLI-00451,Davi Lucas Farias,SP,2024-01-01 18:21:51,24484.03,21,1165.9061904761904762,351,VIP
CLI-00352,Joana Andrade,SP,2022-07-05 19:53:44,24416.01,18,1356.4450000000000000,352,VIP
CLI-00414,Pietro Duarte,RS,2022-03-30 15:04:19,24392.75,14,1742.3392857142857143,353,VIP
CLI-00143,José Pedro Cirino,RS,2022-04-28 14:49:52,24112.29,15,1607.4860000000000000,354,VIP
CLI-00370,Heloisa Nunes,SP,2022-10-23 04:15:19,23901.68,16,1493.8550000000000000,355,VIP
CLI-00113,Gustavo Henrique Aragão,MG,2023-10-07 21:36:12,23764.12,17,1397.8894117647058824,356,VIP
CLI-00213,Rafaela Guerra,RJ,2023-06-04 16:17:52,23723.67,11,2156.6972727272727273,357,VIP
CLI-00261,Isabelly Cassiano,RJ,2023-12-15 16:34:26,23698.93,16,1481.1831250000000000,358,VIP
CLI-00128,Maria Alice Albuquerque,MG,2022-12-27 19:19:48,23689.56,15,1579.3040000000000000,359,VIP
CLI-00367,Letícia Silva,PR,2022-05-23 22:48:45,23556.34,14,1682.5957142857142857,360,VIP
CLI-00461,Danilo Guerra,SP,2023-03-28 07:20:26,23546.27,10,2354.6270000000000000,361,VIP
CLI-00459,Asafe Cavalcanti,SC,2023-08-21 03:30:10,23368.71,16,1460.5443750000000000,362,VIP
CLI-00402,Ravi Ferreira,RS,2023-06-27 20:23:25,23124.38,15,1541.6253333333333333,363,VIP
CLI-00364,Mariane Porto,MG,2022-08-30 15:24:05,23048.85,13,1772.9884615384615385,364,VIP
CLI-00225,Olívia da Rosa,MT,2023-10-04 10:45:56,22990.14,17,1352.3611764705882353,365,VIP
CLI-00366,Stella Brito,BA,2022-05-21 12:02:18,22869.63,18,1270.5350000000000000,366,VIP
CLI-00482,João Gabriel Aparecida,CE,2022-04-02 17:41:36,22722.59,11,2065.6900000000000000,367,VIP
CLI-00228,Carlos Eduardo Pacheco,RJ,2022-04-11 12:48:40,22592.80,19,1189.0947368421052632,368,VIP
CLI-00384,Luigi Dias,SP,2022-07-24 20:56:02,22296.72,13,1715.1323076923076923,369,VIP
CLI-00156,Luiza Ferreira,SP,2023-04-21 09:36:39,22217.66,9,2468.6288888888888889,370,VIP
CLI-00327,Maria Cecília Mendonça,MG,2023-08-01 15:48:37,22171.22,15,1478.0813333333333333,371,VIP
CLI-00471,Anna Liz Cavalcanti,CE,2023-02-09 00:52:22,22139.05,9,2459.8944444444444444,372,VIP
CLI-00388,Ana Lívia Dias,SP,2023-01-12 09:27:56,21736.27,21,1035.0604761904761905,373,VIP
CLI-00360,Vitória Nascimento,RS,2022-04-16 15:45:54,21700.01,11,1972.7281818181818182,374,VIP
CLI-00256,Isaac Albuquerque,MG,2023-09-27 15:56:35,21699.54,18,1205.5300000000000000,375,VIP
CLI-00246,Gabrielly Cavalcante,BA,2022-02-04 20:37:23,21543.17,9,2393.6855555555555556,376,VIP
CLI-00389,Maysa Vieira,SC,2023-01-31 17:21:11,21421.70,17,1260.1000000000000000,377,VIP
CLI-00229,Enrico da Cruz,RJ,2023-12-12 20:19:57,21409.61,12,1784.1341666666666667,378,VIP
CLI-00203,Catarina Marques,RJ,2022-07-12 08:33:23,21395.88,13,1645.8369230769230769,379,VIP
CLI-00423,Ágatha Carvalho,SP,2022-11-07 06:39:34,21235.83,13,1633.5253846153846154,380,VIP
CLI-00309,Maria Eduarda da Mata,MG,2022-11-12 18:02:14,21215.71,14,1515.4078571428571429,381,VIP
CLI-00377,Vitor Gabriel Cavalcanti,RJ,2023-04-27 19:02:40,21196.58,14,1514.0414285714285714,382,VIP
CLI-00300,Bárbara Dias,ES,2022-12-26 05:00:11,21101.35,20,1055.0675000000000000,383,VIP
CLI-00263,Cecilia Rios,RS,2022-10-14 07:02:44,21019.57,7,3002.7957142857142857,384,VIP
CLI-00124,Henry Gabriel da Paz,SP,2022-08-25 06:24:44,20995.39,13,1615.0300000000000000,385,VIP
CLI-00232,Leandro da Rocha,SP,2022-03-22 14:39:55,20977.41,14,1498.3864285714285714,386,VIP
CLI-00341,Olívia Mendes,SP,2022-04-07 14:35:43,20863.11,13,1604.8546153846153846,387,VIP
CLI-00490,Caroline Camargo,SP,2022-04-26 20:21:10,20852.50,20,1042.6250000000000000,388,VIP
CLI-00181,Gael Guerra,RS,2022-04-12 11:48:13,20784.25,15,1385.6166666666666667,389,VIP
CLI-00403,Olivia Cirino,PR,2022-09-13 14:07:01,20672.27,16,1292.0168750000000000,390,VIP
CLI-00123,Luísa da Paz,SP,2022-12-10 11:20:57,20642.02,12,1720.1683333333333333,391,VIP
CLI-00469,Enrico Araújo,PR,2023-05-16 09:20:30,20614.89,13,1585.7607692307692308,392,VIP
CLI-00220,Thomas Rezende,MG,2022-02-07 19:08:32,20487.65,13,1575.9730769230769231,393,VIP
CLI-00363,Ágatha da Rocha,CE,2022-01-28 13:26:03,20260.95,16,1266.3093750000000000,394,VIP
CLI-00365,Maysa Nunes,SP,2022-11-23 21:59:06,20159.93,8,2519.9912500000000000,395,VIP
CLI-00234,Gabriel da Conceição,SP,2023-10-16 14:16:29,20020.19,20,1001.0095000000000000,396,VIP
CLI-00484,João Pedro Pastor,RJ,2022-06-30 16:59:58,19987.36,16,1249.2100000000000000,397,VIP
CLI-00313,Isadora Siqueira,SP,2023-01-25 01:34:45,19948.95,17,1173.4676470588235294,398,VIP
CLI-00306,Benjamim Farias,SP,2023-11-09 22:27:31,19883.93,15,1325.5953333333333333,399,VIP
CLI-00418,Arthur Santos,PE,2023-07-19 11:40:37,19783.74,17,1163.7494117647058824,400,VIP
CLI-00255,Elisa Macedo,RS,2023-10-16 08:23:06,19712.25,15,1314.1500000000000000,401,VIP
CLI-00333,Raquel da Mota,SP,2022-04-03 01:39:38,19701.00,17,1158.8823529411764706,402,VIP
CLI-00320,Luiz Miguel Lopes,SP,2023-08-27 10:25:33,19644.41,11,1785.8554545454545455,403,VIP
CLI-00168,Arthur Gabriel Fonseca,SP,2023-05-11 09:17:46,19568.44,12,1630.7033333333333333,404,VIP
CLI-00405,Breno Cunha,SP,2022-09-24 11:45:28,19502.72,11,1772.9745454545454545,405,VIP
CLI-00316,Luiza Viana,ES,2022-11-17 17:36:27,19475.32,14,1391.0942857142857143,406,VIP
CLI-00376,Pietro Sá,MG,2023-01-05 11:04:33,19056.07,16,1191.0043750000000000,407,VIP
CLI-00391,Caroline Peixoto,BA,2023-03-11 23:05:27,19047.83,12,1587.3191666666666667,408,VIP
CLI-00329,Cecília Castro,PE,2023-10-05 12:20:09,19012.17,14,1358.0121428571428571,409,VIP
CLI-00161,João Vitor Oliveira,SC,2023-05-16 11:35:48,18907.93,17,1112.2311764705882353,410,VIP
CLI-00267,Esther da Cunha,SP,2022-08-06 17:41:40,18523.89,15,1234.9260000000000000,411,VIP
CLI-00133,Danilo Moreira,CE,2023-08-30 07:36:42,18107.58,17,1065.1517647058823529,412,VIP
CLI-00174,Maria Laura Oliveira,SP,2022-02-22 09:16:55,18075.70,11,1643.2454545454545455,413,VIP
CLI-00463,Ana Julia da Cunha,PE,2022-03-05 17:45:08,18050.72,6,3008.4533333333333333,414,VIP
CLI-00260,Luiz Miguel Gomes,SP,2023-07-05 06:08:24,18013.89,14,1286.7064285714285714,415,VIP
CLI-00105,Rhavi Rezende,RS,2022-11-05 20:25:35,17947.66,13,1380.5892307692307692,416,VIP
CLI-00431,Ayla Azevedo,SP,2022-03-03 08:10:28,17931.47,16,1120.7168750000000000,417,VIP
CLI-00436,Maria Cecília Sales,SP,2022-04-10 17:03:18,17925.15,12,1493.7625000000000000,418,VIP
CLI-00446,Yuri Albuquerque,RJ,2022-10-23 21:04:24,17695.14,12,1474.5950000000000000,419,VIP
CLI-00447,Maria Sophia da Costa,BA,2022-10-14 23:52:39,17646.51,14,1260.4650000000000000,420,VIP
CLI-00286,Theodoro Novaes,RJ,2022-08-22 02:26:21,17594.48,11,1599.4981818181818182,421,VIP
CLI-00292,Bernardo Aparecida,RJ,2023-11-13 02:48:27,17457.07,12,1454.7558333333333333,422,VIP
CLI-00371,Davi Lucca Almeida,SP,2023-03-06 06:40:50,17393.55,14,1242.3964285714285714,423,VIP
CLI-00481,Cauê Nunes,SC,2022-10-22 16:20:18,17320.03,12,1443.3358333333333333,424,VIP
CLI-00153,Hadassa Cavalcanti,RS,2023-07-06 08:49:30,17185.28,14,1227.5200000000000000,425,VIP
CLI-00238,Yan Porto,PA,2023-05-10 01:06:15,17169.03,13,1320.6946153846153846,426,VIP
CLI-00303,Catarina Rios,MG,2022-06-11 14:23:19,16997.11,6,2832.8516666666666667,427,VIP
CLI-00290,Eduardo Viana,SC,2023-01-17 15:51:08,16858.87,12,1404.9058333333333333,428,VIP
CLI-00272,João Gabriel Pastor,MS,2023-07-08 18:16:51,16758.03,13,1289.0792307692307692,429,VIP
CLI-00205,Vicente Fonseca,ES,2023-03-25 15:56:44,16727.55,11,1520.6863636363636364,430,VIP
CLI-00415,Hellena da Cunha,PA,2023-05-06 16:33:26,16639.21,15,1109.2806666666666667,431,VIP
CLI-00466,Anna Liz Guerra,MG,2023-11-24 11:49:55,16610.57,15,1107.3713333333333333,432,VIP
CLI-00319,Manuella Pimenta,GO,2023-01-06 08:05:27,16476.47,14,1176.8907142857142857,433,VIP
CLI-00362,Lucas Fonseca,GO,2022-04-04 16:58:14,16462.07,11,1496.5518181818181818,434,VIP
CLI-00330,Valentina Teixeira,SP,2023-03-29 10:40:19,16336.24,10,1633.6240000000000000,435,VIP
CLI-00386,Mirella da Rosa,SP,2023-10-25 18:12:18,16319.61,11,1483.6009090909090909,436,VIP
CLI-00175,Manuella Sá,SP,2022-03-08 16:25:31,16279.01,16,1017.4381250000000000,437,VIP
CLI-00196,Isabel Lopes,ES,2022-07-05 11:37:27,16266.69,18,903.7050000000000000,438,VIP
CLI-00339,Luiz Henrique Pires,RJ,2022-10-17 14:24:26,16075.01,13,1236.5392307692307692,439,VIP
CLI-00304,Vitória Martins,BA,2023-08-05 16:38:05,15889.73,11,1444.5209090909090909,440,VIP
CLI-00361,Ravy Borges,SP,2022-06-14 12:17:28,15869.74,13,1220.7492307692307692,441,VIP
CLI-00334,Cecília das Neves,MG,2023-07-22 07:50:47,15684.88,18,871.3822222222222222,442,VIP
CLI-00411,Davi Luiz Rios,BA,2023-06-05 11:14:07,15668.11,11,1424.3736363636363636,443,VIP
CLI-00441,Ana Beatriz Montenegro,MG,2022-09-04 05:13:37,15353.72,13,1181.0553846153846154,444,VIP
CLI-00150,Jade Sales,SP,2023-03-07 10:52:31,15295.70,14,1092.5500000000000000,445,VIP
CLI-00177,Diego Vasconcelos,GO,2022-11-08 17:05:15,15163.49,12,1263.6241666666666667,446,VIP
CLI-00116,Erick Abreu,SP,2023-12-14 20:33:29,15120.08,11,1374.5527272727272727,447,VIP
CLI-00413,Yan Cardoso,RJ,2023-08-10 21:23:29,14892.19,16,930.7618750000000000,448,VIP
CLI-00122,Anna Liz das Neves,RS,2022-10-09 20:28:04,14817.89,15,987.8593333333333333,449,VIP
CLI-00171,Thiago Ferreira,SP,2022-02-25 16:35:18,14192.00,14,1013.7142857142857143,450,VIP
CLI-00427,Mathias Mendes,SP,2023-10-19 13:49:36,13972.74,14,998.0528571428571429,451,VIP
CLI-00489,Olívia Vieira,CE,2022-05-18 21:54:32,13900.81,7,1985.8300000000000000,452,VIP
CLI-00195,Apollo Montenegro,BA,2022-06-29 11:30:33,13884.23,14,991.7307142857142857,453,VIP
CLI-00283,Antonella Viana,RJ,2023-09-04 11:33:18,13836.06,17,813.8858823529411765,454,VIP
CLI-00475,Luana Santos,SP,2023-09-23 14:47:37,13805.61,8,1725.7012500000000000,455,VIP
CLI-00321,Thales Nogueira,RJ,2022-11-14 15:47:21,13636.08,13,1048.9292307692307692,456,VIP
CLI-00468,Maysa Nogueira,SP,2022-11-01 19:49:18,13575.44,13,1044.2646153846153846,457,VIP
CLI-00349,Cecilia Fernandes,SP,2022-05-21 11:09:04,13217.38,15,881.1586666666666667,458,VIP
CLI-00356,Maria Liz Cardoso,CE,2022-07-18 16:23:43,13198.12,12,1099.8433333333333333,459,VIP
CLI-00302,Carlos Eduardo da Conceição,SP,2023-06-28 14:13:24,13140.00,13,1010.7692307692307692,460,VIP
CLI-00262,Arthur Gabriel Pereira,CE,2023-11-02 23:06:53,13040.75,9,1448.9722222222222222,461,VIP
CLI-00488,Maria Julia Sales,SP,2023-10-19 10:34:33,12879.53,13,990.7330769230769231,462,VIP
CLI-00296,Maria Vitória Almeida,SP,2022-10-13 14:36:14,12475.30,16,779.7062500000000000,463,VIP
CLI-00381,Ana Lívia Rodrigues,MG,2023-10-21 07:11:53,12429.28,11,1129.9345454545454545,464,VIP
CLI-00494,Lunna da Rosa,MG,2022-03-30 09:25:42,12193.39,21,580.6376190476190476,465,VIP
CLI-00273,Leonardo Moreira,SP,2022-01-27 19:08:00,12182.65,15,812.1766666666666667,466,VIP
CLI-00346,Valentina Almeida,PR,2022-12-03 16:52:08,12159.20,11,1105.3818181818181818,467,VIP
CLI-00163,Raquel da Rocha,BA,2022-04-06 16:18:14,12107.79,19,637.2521052631578947,468,VIP
CLI-00218,Emanuella Mendes,SP,2023-02-25 17:02:20,12096.74,11,1099.7036363636363636,469,VIP
CLI-00325,Valentim Camargo,SP,2022-09-20 21:12:11,11300.78,13,869.2907692307692308,470,VIP
CLI-00421,Pedro Henrique Garcia,SP,2023-12-28 18:14:22,11296.94,14,806.9242857142857143,471,VIP
CLI-00470,Maria Vitória Pereira,RS,2022-10-08 22:18:07,11121.87,8,1390.2337500000000000,472,VIP
CLI-00443,Ágatha da Luz,SP,2022-01-09 11:54:06,10909.34,14,779.2385714285714286,473,VIP
CLI-00426,Olivia Costa,GO,2023-08-01 15:02:52,10882.95,12,906.9125000000000000,474,VIP
CLI-00456,Dante Sousa,RJ,2023-11-21 14:07:26,10735.71,11,975.9736363636363636,475,VIP
CLI-00442,Helena Jesus,SP,2022-10-16 23:31:38,10701.04,13,823.1569230769230769,476,VIP
CLI-00480,Ana Júlia Santos,PR,2023-05-03 14:30:41,10262.68,14,733.0485714285714286,477,VIP
CLI-00301,Daniel Sousa,RS,2023-02-15 03:04:09,9973.43,17,586.6723529411764706,478,Top Tier
CLI-00342,Maria Julia Sousa,SP,2023-11-04 14:58:38,9815.29,8,1226.9112500000000000,479,Top Tier
CLI-00323,Yuri Montenegro,MG,2022-07-18 16:57:49,9794.79,12,816.2325000000000000,480,Top Tier
CLI-00285,Luan Cassiano,PE,2023-10-29 15:56:49,9507.51,9,1056.3900000000000000,481,Top Tier
CLI-00438,Samuel Brito,GO,2023-08-15 19:46:20,9188.84,13,706.8338461538461538,482,Top Tier
CLI-00227,Nicolas Castro,PR,2022-10-22 22:14:47,8919.60,10,891.9600000000000000,483,Top Tier
CLI-00347,Joaquim Fonseca,PR,2023-03-10 16:32:23,7997.63,12,666.4691666666666667,484,Top Tier
CLI-00288,Ayla Lopes,PR,2023-01-19 14:09:43,7847.01,11,713.3645454545454545,485,Top Tier
CLI-00110,Davi Lucas Lopes,GO,2022-08-29 05:43:19,7707.91,11,700.7190909090909091,486,Top Tier
CLI-00374,Enzo Gabriel Marques,SP,2022-01-02 16:39:22,7623.16,16,476.4475000000000000,487,Top Tier
CLI-00282,Rhavi da Costa,SP,2022-10-09 11:39:40,7401.35,12,616.7791666666666667,488,Top Tier
CLI-00354,Davi Lucca Campos,MT,2023-09-18 08:18:48,7350.75,10,735.0750000000000000,489,Top Tier
CLI-00139,Gael Costela,PR,2023-10-30 11:02:48,7295.18,7,1042.1685714285714286,490,Top Tier
CLI-00239,Letícia Sales,RS,2023-08-12 16:18:44,7251.33,13,557.7946153846153846,491,Top Tier
CLI-00452,Maria Clara Monteiro,MG,2022-06-02 15:38:57,7163.19,10,716.3190000000000000,492,Top Tier
CLI-00332,Pietra da Luz,MG,2022-02-08 18:03:23,7047.28,11,640.6618181818181818,493,Top Tier
CLI-00134,Enzo Gabriel Camargo,SP,2023-03-15 11:08:55,6744.40,8,843.0500000000000000,494,Top Tier
CLI-00235,Maria Vitória Ribeiro,PR,2023-04-22 09:57:18,6527.67,8,815.9587500000000000,495,Top Tier
CLI-00120,Alexia Rios,CE,2023-05-02 14:28:16,6363.51,8,795.4387500000000000,496,Top Tier
CLI-00240,Brenda Brito,SP,2023-11-06 09:25:17,5371.29,9,596.8100000000000000,497,Top Tier
CLI-00206,Jade Oliveira,SP,2023-10-08 00:38:51,5160.43,9,573.3811111111111111,498,Top Tier
CLI-00311,Melina Cavalcanti,DF,2022-05-21 13:48:16,3704.91,11,336.8100000000000000,499,Regular
CLI-00455,Ana Carolina Ferreira,SC,2022-11-03 06:30:52,1147.97,5,229.5940000000000000,500,Regular
